artwork_id,theme,trait,date,image_url
82410,Emotional States Expressed Through Formal Abstraction,Painterly brushwork,1953/54,"https://www.artic.edu/iiif/2/df0a03a4-be1c-3f8d-73b1-5941dca57bba/full/843,/0/default.jpg"
82410,Emotional States Expressed Through Formal Abstraction,Abstract geometry,1953/54,"https://www.artic.edu/iiif/2/df0a03a4-be1c-3f8d-73b1-5941dca57bba/full/843,/0/default.jpg"
82410,Material Awareness (Painting About Painting),Painterly brushwork,1953/54,"https://www.artic.edu/iiif/2/df0a03a4-be1c-3f8d-73b1-5941dca57bba/full/843,/0/default.jpg"
82410,Material Awareness (Painting About Painting),Abstract geometry,1953/54,"https://www.artic.edu/iiif/2/df0a03a4-be1c-3f8d-73b1-5941dca57bba/full/843,/0/default.jpg"
102581,Tension Between Control and Spontaneity,Painterly brushwork,1952,"https://www.artic.edu/iiif/2/54a90528-63ed-1591-e3eb-2113109fc747/full/843,/0/default.jpg"
102581,Tension Between Control and Spontaneity,Abstract geometry,1952,"https://www.artic.edu/iiif/2/54a90528-63ed-1591-e3eb-2113109fc747/full/843,/0/default.jpg"
102581,Material Awareness (Painting About Painting),Painterly brushwork,1952,"https://www.artic.edu/iiif/2/54a90528-63ed-1591-e3eb-2113109fc747/full/843,/0/default.jpg"
102581,Material Awareness (Painting About Painting),Abstract geometry,1952,"https://www.artic.edu/iiif/2/54a90528-63ed-1591-e3eb-2113109fc747/full/843,/0/default.jpg"
8983,Emotional States Expressed Through Formal Abstraction,Painterly brushwork,"January 18, 1911","https://www.artic.edu/iiif/2/a45e5f55-d02b-ce98-8bab-3af549684f58/full/843,/0/default.jpg"
8983,Emotional States Expressed Through Formal Abstraction,Landscape vista,"January 18, 1911","https://www.artic.edu/iiif/2/a45e5f55-d02b-ce98-8bab-3af549684f58/full/843,/0/default.jpg"
8983,Emotional States Expressed Through Formal Abstraction,Water scenery,"January 18, 1911","https://www.artic.edu/iiif/2/a45e5f55-d02b-ce98-8bab-3af549684f58/full/843,/0/default.jpg"
8983,Emotional States Expressed Through Formal Abstraction,Rural buildings,"January 18, 1911","https://www.artic.edu/iiif/2/a45e5f55-d02b-ce98-8bab-3af549684f58/full/843,/0/default.jpg"
8983,Emotional States Expressed Through Formal Abstraction,Floral bouquet,"January 18, 1911","https://www.artic.edu/iiif/2/a45e5f55-d02b-ce98-8bab-3af549684f58/full/843,/0/default.jpg"
8983,Instability of Perception,Painterly brushwork,"January 18, 1911","https://www.artic.edu/iiif/2/a45e5f55-d02b-ce98-8bab-3af549684f58/full/843,/0/default.jpg"
8983,Instability of Perception,Landscape vista,"January 18, 1911","https://www.artic.edu/iiif/2/a45e5f55-d02b-ce98-8bab-3af549684f58/full/843,/0/default.jpg"
8983,Instability of Perception,Water scenery,"January 18, 1911","https://www.artic.edu/iiif/2/a45e5f55-d02b-ce98-8bab-3af549684f58/full/843,/0/default.jpg"
8983,Instability of Perception,Rural buildings,"January 18, 1911","https://www.artic.edu/iiif/2/a45e5f55-d02b-ce98-8bab-3af549684f58/full/843,/0/default.jpg"
8983,Instability of Perception,Floral bouquet,"January 18, 1911","https://www.artic.edu/iiif/2/a45e5f55-d02b-ce98-8bab-3af549684f58/full/843,/0/default.jpg"
72889,The Subconscious and Dream Logic,Painterly brushwork,summer 1936,"https://www.artic.edu/iiif/2/f2fc8911-5008-d7e5-3399-c32785e7a790/full/843,/0/default.jpg"
72889,The Subconscious and Dream Logic,Abstract geometry,summer 1936,"https://www.artic.edu/iiif/2/f2fc8911-5008-d7e5-3399-c32785e7a790/full/843,/0/default.jpg"
72889,Emotional States Expressed Through Formal Abstraction,Painterly brushwork,summer 1936,"https://www.artic.edu/iiif/2/f2fc8911-5008-d7e5-3399-c32785e7a790/full/843,/0/default.jpg"
72889,Emotional States Expressed Through Formal Abstraction,Abstract geometry,summer 1936,"https://www.artic.edu/iiif/2/f2fc8911-5008-d7e5-3399-c32785e7a790/full/843,/0/default.jpg"
229866,Material Awareness (Painting About Painting),Painterly brushwork,2015,"https://www.artic.edu/iiif/2/8689cd14-1ddb-4d6e-b7fb-f5e0918e9408/full/843,/0/default.jpg"
229866,Material Awareness (Painting About Painting),Text in artwork,2015,"https://www.artic.edu/iiif/2/8689cd14-1ddb-4d6e-b7fb-f5e0918e9408/full/843,/0/default.jpg"
229866,Modernity as Fragmented Experience,Painterly brushwork,2015,"https://www.artic.edu/iiif/2/8689cd14-1ddb-4d6e-b7fb-f5e0918e9408/full/843,/0/default.jpg"
229866,Modernity as Fragmented Experience,Text in artwork,2015,"https://www.artic.edu/iiif/2/8689cd14-1ddb-4d6e-b7fb-f5e0918e9408/full/843,/0/default.jpg"
146986,Tension Between Control and Spontaneity,Painterly brushwork,1944,"https://www.artic.edu/iiif/2/9e26e536-e41b-c7c4-1e0a-1d397cb142cd/full/843,/0/default.jpg"
146986,Tension Between Control and Spontaneity,Muted earth palette,1944,"https://www.artic.edu/iiif/2/9e26e536-e41b-c7c4-1e0a-1d397cb142cd/full/843,/0/default.jpg"
146986,Tension Between Control and Spontaneity,Abstract geometry,1944,"https://www.artic.edu/iiif/2/9e26e536-e41b-c7c4-1e0a-1d397cb142cd/full/843,/0/default.jpg"
146986,Material Awareness (Painting About Painting),Painterly brushwork,1944,"https://www.artic.edu/iiif/2/9e26e536-e41b-c7c4-1e0a-1d397cb142cd/full/843,/0/default.jpg"
146986,Material Awareness (Painting About Painting),Muted earth palette,1944,"https://www.artic.edu/iiif/2/9e26e536-e41b-c7c4-1e0a-1d397cb142cd/full/843,/0/default.jpg"
146986,Material Awareness (Painting About Painting),Abstract geometry,1944,"https://www.artic.edu/iiif/2/9e26e536-e41b-c7c4-1e0a-1d397cb142cd/full/843,/0/default.jpg"
27992,Modernity as Fragmented Experience,Painterly brushwork,"1884–86, border added 1888–89","https://www.artic.edu/iiif/2/2d484387-2509-5e8e-2c43-22f9981972eb/full/843,/0/default.jpg"
27992,Modernity as Fragmented Experience,Muted earth palette,"1884–86, border added 1888–89","https://www.artic.edu/iiif/2/2d484387-2509-5e8e-2c43-22f9981972eb/full/843,/0/default.jpg"
27992,Modernity as Fragmented Experience,Landscape vista,"1884–86, border added 1888–89","https://www.artic.edu/iiif/2/2d484387-2509-5e8e-2c43-22f9981972eb/full/843,/0/default.jpg"
27992,Modernity as Fragmented Experience,Water scenery,"1884–86, border added 1888–89","https://www.artic.edu/iiif/2/2d484387-2509-5e8e-2c43-22f9981972eb/full/843,/0/default.jpg"
27992,Modernity as Fragmented Experience,Animal figure,"1884–86, border added 1888–89","https://www.artic.edu/iiif/2/2d484387-2509-5e8e-2c43-22f9981972eb/full/843,/0/default.jpg"
27992,Instability of Perception,Painterly brushwork,"1884–86, border added 1888–89","https://www.artic.edu/iiif/2/2d484387-2509-5e8e-2c43-22f9981972eb/full/843,/0/default.jpg"
27992,Instability of Perception,Muted earth palette,"1884–86, border added 1888–89","https://www.artic.edu/iiif/2/2d484387-2509-5e8e-2c43-22f9981972eb/full/843,/0/default.jpg"
27992,Instability of Perception,Landscape vista,"1884–86, border added 1888–89","https://www.artic.edu/iiif/2/2d484387-2509-5e8e-2c43-22f9981972eb/full/843,/0/default.jpg"
27992,Instability of Perception,Water scenery,"1884–86, border added 1888–89","https://www.artic.edu/iiif/2/2d484387-2509-5e8e-2c43-22f9981972eb/full/843,/0/default.jpg"
27992,Instability of Perception,Animal figure,"1884–86, border added 1888–89","https://www.artic.edu/iiif/2/2d484387-2509-5e8e-2c43-22f9981972eb/full/843,/0/default.jpg"
111628,Isolation Created Through Spatial Separation,Painterly brushwork,1942,"https://www.artic.edu/iiif/2/831a05de-d3f6-f4fa-a460-23008dd58dda/full/843,/0/default.jpg"
111628,Isolation Created Through Spatial Separation,Muted earth palette,1942,"https://www.artic.edu/iiif/2/831a05de-d3f6-f4fa-a460-23008dd58dda/full/843,/0/default.jpg"
111628,Isolation Created Through Spatial Separation,Interior room setting,1942,"https://www.artic.edu/iiif/2/831a05de-d3f6-f4fa-a460-23008dd58dda/full/843,/0/default.jpg"
111628,Isolation Created Through Spatial Separation,Text in artwork,1942,"https://www.artic.edu/iiif/2/831a05de-d3f6-f4fa-a460-23008dd58dda/full/843,/0/default.jpg"
111628,Modernity as Fragmented Experience,Painterly brushwork,1942,"https://www.artic.edu/iiif/2/831a05de-d3f6-f4fa-a460-23008dd58dda/full/843,/0/default.jpg"
111628,Modernity as Fragmented Experience,Muted earth palette,1942,"https://www.artic.edu/iiif/2/831a05de-d3f6-f4fa-a460-23008dd58dda/full/843,/0/default.jpg"
111628,Modernity as Fragmented Experience,Interior room setting,1942,"https://www.artic.edu/iiif/2/831a05de-d3f6-f4fa-a460-23008dd58dda/full/843,/0/default.jpg"
111628,Modernity as Fragmented Experience,Text in artwork,1942,"https://www.artic.edu/iiif/2/831a05de-d3f6-f4fa-a460-23008dd58dda/full/843,/0/default.jpg"
20684,Isolation Created Through Spatial Separation,Painterly brushwork,1877,"https://www.artic.edu/iiif/2/f8fd76e9-c396-5678-36ed-6a348c904d27/full/843,/0/default.jpg"
20684,Isolation Created Through Spatial Separation,Muted earth palette,1877,"https://www.artic.edu/iiif/2/f8fd76e9-c396-5678-36ed-6a348c904d27/full/843,/0/default.jpg"
20684,Isolation Created Through Spatial Separation,Umbrella street,1877,"https://www.artic.edu/iiif/2/f8fd76e9-c396-5678-36ed-6a348c904d27/full/843,/0/default.jpg"
20684,Modernity as Fragmented Experience,Painterly brushwork,1877,"https://www.artic.edu/iiif/2/f8fd76e9-c396-5678-36ed-6a348c904d27/full/843,/0/default.jpg"
20684,Modernity as Fragmented Experience,Muted earth palette,1877,"https://www.artic.edu/iiif/2/f8fd76e9-c396-5678-36ed-6a348c904d27/full/843,/0/default.jpg"
20684,Modernity as Fragmented Experience,Umbrella street,1877,"https://www.artic.edu/iiif/2/f8fd76e9-c396-5678-36ed-6a348c904d27/full/843,/0/default.jpg"
16568,Time Made Visible,Painterly brushwork,1906,"https://www.artic.edu/iiif/2/3c27b499-af56-f0d5-93b5-a7f2f1ad5813/full/843,/0/default.jpg"
16568,Time Made Visible,Blue dominant scenes,1906,"https://www.artic.edu/iiif/2/3c27b499-af56-f0d5-93b5-a7f2f1ad5813/full/843,/0/default.jpg"
16568,Time Made Visible,Water scenery,1906,"https://www.artic.edu/iiif/2/3c27b499-af56-f0d5-93b5-a7f2f1ad5813/full/843,/0/default.jpg"
16568,Nature as Vast/Timeless/Transformative,Painterly brushwork,1906,"https://www.artic.edu/iiif/2/3c27b499-af56-f0d5-93b5-a7f2f1ad5813/full/843,/0/default.jpg"
16568,Nature as Vast/Timeless/Transformative,Blue dominant scenes,1906,"https://www.artic.edu/iiif/2/3c27b499-af56-f0d5-93b5-a7f2f1ad5813/full/843,/0/default.jpg"
16568,Nature as Vast/Timeless/Transformative,Water scenery,1906,"https://www.artic.edu/iiif/2/3c27b499-af56-f0d5-93b5-a7f2f1ad5813/full/843,/0/default.jpg"
6565,Human Presence Reduced to Symbol,Portrait bust,1930,"https://www.artic.edu/iiif/2/b272df73-a965-ac37-4172-be4e99483637/full/843,/0/default.jpg"
6565,Human Presence Reduced to Symbol,Rural buildings,1930,"https://www.artic.edu/iiif/2/b272df73-a965-ac37-4172-be4e99483637/full/843,/0/default.jpg"
6565,Isolation Created Through Spatial Separation,Portrait bust,1930,"https://www.artic.edu/iiif/2/b272df73-a965-ac37-4172-be4e99483637/full/843,/0/default.jpg"
6565,Isolation Created Through Spatial Separation,Rural buildings,1930,"https://www.artic.edu/iiif/2/b272df73-a965-ac37-4172-be4e99483637/full/843,/0/default.jpg"
28560,Emotional States Expressed Through Formal Abstraction,Painterly brushwork,1889,"https://www.artic.edu/iiif/2/25c31d8d-21a4-9ea1-1d73-6a2eca4dda7e/full/843,/0/default.jpg"
28560,Emotional States Expressed Through Formal Abstraction,Blue dominant scenes,1889,"https://www.artic.edu/iiif/2/25c31d8d-21a4-9ea1-1d73-6a2eca4dda7e/full/843,/0/default.jpg"
28560,Emotional States Expressed Through Formal Abstraction,Interior room setting,1889,"https://www.artic.edu/iiif/2/25c31d8d-21a4-9ea1-1d73-6a2eca4dda7e/full/843,/0/default.jpg"
28560,Emotional States Expressed Through Formal Abstraction,Still life table,1889,"https://www.artic.edu/iiif/2/25c31d8d-21a4-9ea1-1d73-6a2eca4dda7e/full/843,/0/default.jpg"
28560,Instability of Perception,Painterly brushwork,1889,"https://www.artic.edu/iiif/2/25c31d8d-21a4-9ea1-1d73-6a2eca4dda7e/full/843,/0/default.jpg"
28560,Instability of Perception,Blue dominant scenes,1889,"https://www.artic.edu/iiif/2/25c31d8d-21a4-9ea1-1d73-6a2eca4dda7e/full/843,/0/default.jpg"
28560,Instability of Perception,Interior room setting,1889,"https://www.artic.edu/iiif/2/25c31d8d-21a4-9ea1-1d73-6a2eca4dda7e/full/843,/0/default.jpg"
28560,Instability of Perception,Still life table,1889,"https://www.artic.edu/iiif/2/25c31d8d-21a4-9ea1-1d73-6a2eca4dda7e/full/843,/0/default.jpg"
111902,Self-Reflection and the Act of Looking,Painterly brushwork,1885,"https://www.artic.edu/iiif/2/6e09acba-ea41-b676-7a71-2cd62c8e4632/full/843,/0/default.jpg"
111902,Self-Reflection and the Act of Looking,Muted earth palette,1885,"https://www.artic.edu/iiif/2/6e09acba-ea41-b676-7a71-2cd62c8e4632/full/843,/0/default.jpg"
111902,Self-Reflection and the Act of Looking,Interior room setting,1885,"https://www.artic.edu/iiif/2/6e09acba-ea41-b676-7a71-2cd62c8e4632/full/843,/0/default.jpg"
111902,Self-Reflection and the Act of Looking,Draped fabric,1885,"https://www.artic.edu/iiif/2/6e09acba-ea41-b676-7a71-2cd62c8e4632/full/843,/0/default.jpg"
111902,Modernity as Fragmented Experience,Painterly brushwork,1885,"https://www.artic.edu/iiif/2/6e09acba-ea41-b676-7a71-2cd62c8e4632/full/843,/0/default.jpg"
111902,Modernity as Fragmented Experience,Muted earth palette,1885,"https://www.artic.edu/iiif/2/6e09acba-ea41-b676-7a71-2cd62c8e4632/full/843,/0/default.jpg"
111902,Modernity as Fragmented Experience,Interior room setting,1885,"https://www.artic.edu/iiif/2/6e09acba-ea41-b676-7a71-2cd62c8e4632/full/843,/0/default.jpg"
111902,Modernity as Fragmented Experience,Draped fabric,1885,"https://www.artic.edu/iiif/2/6e09acba-ea41-b676-7a71-2cd62c8e4632/full/843,/0/default.jpg"
863,Nature as Vast/Timeless/Transformative,Painterly brushwork,1664,"https://www.artic.edu/iiif/2/a34d9d72-c4ec-0750-389e-a01215c9aab0/full/843,/0/default.jpg"
863,Nature as Vast/Timeless/Transformative,Muted earth palette,1664,"https://www.artic.edu/iiif/2/a34d9d72-c4ec-0750-389e-a01215c9aab0/full/843,/0/default.jpg"
863,Nature as Vast/Timeless/Transformative,Landscape vista,1664,"https://www.artic.edu/iiif/2/a34d9d72-c4ec-0750-389e-a01215c9aab0/full/843,/0/default.jpg"
863,Nature as Vast/Timeless/Transformative,Rural buildings,1664,"https://www.artic.edu/iiif/2/a34d9d72-c4ec-0750-389e-a01215c9aab0/full/843,/0/default.jpg"
863,Nature as Vast/Timeless/Transformative,Animal figure,1664,"https://www.artic.edu/iiif/2/a34d9d72-c4ec-0750-389e-a01215c9aab0/full/843,/0/default.jpg"
863,Time Made Visible,Painterly brushwork,1664,"https://www.artic.edu/iiif/2/a34d9d72-c4ec-0750-389e-a01215c9aab0/full/843,/0/default.jpg"
863,Time Made Visible,Muted earth palette,1664,"https://www.artic.edu/iiif/2/a34d9d72-c4ec-0750-389e-a01215c9aab0/full/843,/0/default.jpg"
863,Time Made Visible,Landscape vista,1664,"https://www.artic.edu/iiif/2/a34d9d72-c4ec-0750-389e-a01215c9aab0/full/843,/0/default.jpg"
863,Time Made Visible,Rural buildings,1664,"https://www.artic.edu/iiif/2/a34d9d72-c4ec-0750-389e-a01215c9aab0/full/843,/0/default.jpg"
863,Time Made Visible,Animal figure,1664,"https://www.artic.edu/iiif/2/a34d9d72-c4ec-0750-389e-a01215c9aab0/full/843,/0/default.jpg"
94841,Human Presence Reduced to Symbol,Painterly brushwork,1884,"https://www.artic.edu/iiif/2/48b2de88-ba73-8e19-f448-d1cef4a1c847/full/843,/0/default.jpg"
94841,Human Presence Reduced to Symbol,Muted earth palette,1884,"https://www.artic.edu/iiif/2/48b2de88-ba73-8e19-f448-d1cef4a1c847/full/843,/0/default.jpg"
94841,Human Presence Reduced to Symbol,Landscape vista,1884,"https://www.artic.edu/iiif/2/48b2de88-ba73-8e19-f448-d1cef4a1c847/full/843,/0/default.jpg"
94841,Human Presence Reduced to Symbol,Rural buildings,1884,"https://www.artic.edu/iiif/2/48b2de88-ba73-8e19-f448-d1cef4a1c847/full/843,/0/default.jpg"
94841,Human Presence Reduced to Symbol,Draped fabric,1884,"https://www.artic.edu/iiif/2/48b2de88-ba73-8e19-f448-d1cef4a1c847/full/843,/0/default.jpg"
94841,Nature as Vast/Timeless/Transformative,Painterly brushwork,1884,"https://www.artic.edu/iiif/2/48b2de88-ba73-8e19-f448-d1cef4a1c847/full/843,/0/default.jpg"
94841,Nature as Vast/Timeless/Transformative,Muted earth palette,1884,"https://www.artic.edu/iiif/2/48b2de88-ba73-8e19-f448-d1cef4a1c847/full/843,/0/default.jpg"
94841,Nature as Vast/Timeless/Transformative,Landscape vista,1884,"https://www.artic.edu/iiif/2/48b2de88-ba73-8e19-f448-d1cef4a1c847/full/843,/0/default.jpg"
94841,Nature as Vast/Timeless/Transformative,Rural buildings,1884,"https://www.artic.edu/iiif/2/48b2de88-ba73-8e19-f448-d1cef4a1c847/full/843,/0/default.jpg"
94841,Nature as Vast/Timeless/Transformative,Draped fabric,1884,"https://www.artic.edu/iiif/2/48b2de88-ba73-8e19-f448-d1cef4a1c847/full/843,/0/default.jpg"
204637,Tension Between Control and Spontaneity,Abstract geometry,1983,"https://www.artic.edu/iiif/2/1dab428f-d63d-5fec-5b9c-ed43b5f7f4d6/full/843,/0/default.jpg"
204637,Material Awareness (Painting About Painting),Abstract geometry,1983,"https://www.artic.edu/iiif/2/1dab428f-d63d-5fec-5b9c-ed43b5f7f4d6/full/843,/0/default.jpg"
80607,Emotional States Expressed Through Formal Abstraction,Painterly brushwork,1887,"https://www.artic.edu/iiif/2/47c5bcb8-62ef-e5d7-55e7-f5121f409a30/full/843,/0/default.jpg"
80607,Emotional States Expressed Through Formal Abstraction,Blue dominant scenes,1887,"https://www.artic.edu/iiif/2/47c5bcb8-62ef-e5d7-55e7-f5121f409a30/full/843,/0/default.jpg"
80607,Emotional States Expressed Through Formal Abstraction,Portrait bust,1887,"https://www.artic.edu/iiif/2/47c5bcb8-62ef-e5d7-55e7-f5121f409a30/full/843,/0/default.jpg"
80607,Human Presence Reduced to Symbol,Painterly brushwork,1887,"https://www.artic.edu/iiif/2/47c5bcb8-62ef-e5d7-55e7-f5121f409a30/full/843,/0/default.jpg"
80607,Human Presence Reduced to Symbol,Blue dominant scenes,1887,"https://www.artic.edu/iiif/2/47c5bcb8-62ef-e5d7-55e7-f5121f409a30/full/843,/0/default.jpg"
80607,Human Presence Reduced to Symbol,Portrait bust,1887,"https://www.artic.edu/iiif/2/47c5bcb8-62ef-e5d7-55e7-f5121f409a30/full/843,/0/default.jpg"
100858,Nature as Vast/Timeless/Transformative,Blue dominant scenes,1965,"https://www.artic.edu/iiif/2/ace9f8d4-eac7-e5f7-50b2-6a77f7029c9b/full/843,/0/default.jpg"
100858,Nature as Vast/Timeless/Transformative,Abstract geometry,1965,"https://www.artic.edu/iiif/2/ace9f8d4-eac7-e5f7-50b2-6a77f7029c9b/full/843,/0/default.jpg"
100858,Nature as Vast/Timeless/Transformative,Water scenery,1965,"https://www.artic.edu/iiif/2/ace9f8d4-eac7-e5f7-50b2-6a77f7029c9b/full/843,/0/default.jpg"
100858,Time Made Visible,Blue dominant scenes,1965,"https://www.artic.edu/iiif/2/ace9f8d4-eac7-e5f7-50b2-6a77f7029c9b/full/843,/0/default.jpg"
100858,Time Made Visible,Abstract geometry,1965,"https://www.artic.edu/iiif/2/ace9f8d4-eac7-e5f7-50b2-6a77f7029c9b/full/843,/0/default.jpg"
100858,Time Made Visible,Water scenery,1965,"https://www.artic.edu/iiif/2/ace9f8d4-eac7-e5f7-50b2-6a77f7029c9b/full/843,/0/default.jpg"
111436,Instability of Perception,Painterly brushwork,c. 1893,"https://www.artic.edu/iiif/2/52ac8996-3460-cf71-cb42-5c4d0aa29b74/full/843,/0/default.jpg"
111436,Instability of Perception,Still life table,c. 1893,"https://www.artic.edu/iiif/2/52ac8996-3460-cf71-cb42-5c4d0aa29b74/full/843,/0/default.jpg"
111436,Instability of Perception,Draped fabric,c. 1893,"https://www.artic.edu/iiif/2/52ac8996-3460-cf71-cb42-5c4d0aa29b74/full/843,/0/default.jpg"
111436,Material Awareness (Painting About Painting),Painterly brushwork,c. 1893,"https://www.artic.edu/iiif/2/52ac8996-3460-cf71-cb42-5c4d0aa29b74/full/843,/0/default.jpg"
111436,Material Awareness (Painting About Painting),Still life table,c. 1893,"https://www.artic.edu/iiif/2/52ac8996-3460-cf71-cb42-5c4d0aa29b74/full/843,/0/default.jpg"
111436,Material Awareness (Painting About Painting),Draped fabric,c. 1893,"https://www.artic.edu/iiif/2/52ac8996-3460-cf71-cb42-5c4d0aa29b74/full/843,/0/default.jpg"
22556,Material Awareness (Painting About Painting),Abstract geometry,1949,"https://www.artic.edu/iiif/2/6604164b-7298-b390-04f6-f7ba8235141e/full/843,/0/default.jpg"
22556,Instability of Perception,Abstract geometry,1949,"https://www.artic.edu/iiif/2/6604164b-7298-b390-04f6-f7ba8235141e/full/843,/0/default.jpg"
14655,Time Made Visible,Painterly brushwork,1881,"https://www.artic.edu/iiif/2/3a608f55-d76e-fa96-d0b1-0789fbc48f1e/full/843,/0/default.jpg"
14655,Time Made Visible,Portrait bust,1881,"https://www.artic.edu/iiif/2/3a608f55-d76e-fa96-d0b1-0789fbc48f1e/full/843,/0/default.jpg"
14655,Time Made Visible,Landscape vista,1881,"https://www.artic.edu/iiif/2/3a608f55-d76e-fa96-d0b1-0789fbc48f1e/full/843,/0/default.jpg"
14655,Human Presence Reduced to Symbol,Painterly brushwork,1881,"https://www.artic.edu/iiif/2/3a608f55-d76e-fa96-d0b1-0789fbc48f1e/full/843,/0/default.jpg"
14655,Human Presence Reduced to Symbol,Portrait bust,1881,"https://www.artic.edu/iiif/2/3a608f55-d76e-fa96-d0b1-0789fbc48f1e/full/843,/0/default.jpg"
14655,Human Presence Reduced to Symbol,Landscape vista,1881,"https://www.artic.edu/iiif/2/3a608f55-d76e-fa96-d0b1-0789fbc48f1e/full/843,/0/default.jpg"
16571,Modernity as Fragmented Experience,Painterly brushwork,1877,"https://www.artic.edu/iiif/2/0f1cc0e0-e42e-be16-3f71-2022da38cb93/full/843,/0/default.jpg"
16571,Modernity as Fragmented Experience,Blue dominant scenes,1877,"https://www.artic.edu/iiif/2/0f1cc0e0-e42e-be16-3f71-2022da38cb93/full/843,/0/default.jpg"
16571,Modernity as Fragmented Experience,Interior room setting,1877,"https://www.artic.edu/iiif/2/0f1cc0e0-e42e-be16-3f71-2022da38cb93/full/843,/0/default.jpg"
16571,Time Made Visible,Painterly brushwork,1877,"https://www.artic.edu/iiif/2/0f1cc0e0-e42e-be16-3f71-2022da38cb93/full/843,/0/default.jpg"
16571,Time Made Visible,Blue dominant scenes,1877,"https://www.artic.edu/iiif/2/0f1cc0e0-e42e-be16-3f71-2022da38cb93/full/843,/0/default.jpg"
16571,Time Made Visible,Interior room setting,1877,"https://www.artic.edu/iiif/2/0f1cc0e0-e42e-be16-3f71-2022da38cb93/full/843,/0/default.jpg"
61428,Life–Death Duality,Floral bouquet,1931,"https://www.artic.edu/iiif/2/9ae64560-a416-ec19-851a-c76c5ca3c64f/full/843,/0/default.jpg"
61428,Life–Death Duality,Draped fabric,1931,"https://www.artic.edu/iiif/2/9ae64560-a416-ec19-851a-c76c5ca3c64f/full/843,/0/default.jpg"
61428,Nature as Vast/Timeless/Transformative,Floral bouquet,1931,"https://www.artic.edu/iiif/2/9ae64560-a416-ec19-851a-c76c5ca3c64f/full/843,/0/default.jpg"
61428,Nature as Vast/Timeless/Transformative,Draped fabric,1931,"https://www.artic.edu/iiif/2/9ae64560-a416-ec19-851a-c76c5ca3c64f/full/843,/0/default.jpg"
90048,Nature as Vast/Timeless/Transformative,Painterly brushwork,1830,"https://www.artic.edu/iiif/2/18092196-50ae-3ff1-9205-1b3110e966c3/full/843,/0/default.jpg"
90048,Nature as Vast/Timeless/Transformative,Muted earth palette,1830,"https://www.artic.edu/iiif/2/18092196-50ae-3ff1-9205-1b3110e966c3/full/843,/0/default.jpg"
90048,Nature as Vast/Timeless/Transformative,Landscape vista,1830,"https://www.artic.edu/iiif/2/18092196-50ae-3ff1-9205-1b3110e966c3/full/843,/0/default.jpg"
90048,Nature as Vast/Timeless/Transformative,Water scenery,1830,"https://www.artic.edu/iiif/2/18092196-50ae-3ff1-9205-1b3110e966c3/full/843,/0/default.jpg"
90048,Time Made Visible,Painterly brushwork,1830,"https://www.artic.edu/iiif/2/18092196-50ae-3ff1-9205-1b3110e966c3/full/843,/0/default.jpg"
90048,Time Made Visible,Muted earth palette,1830,"https://www.artic.edu/iiif/2/18092196-50ae-3ff1-9205-1b3110e966c3/full/843,/0/default.jpg"
90048,Time Made Visible,Landscape vista,1830,"https://www.artic.edu/iiif/2/18092196-50ae-3ff1-9205-1b3110e966c3/full/843,/0/default.jpg"
90048,Time Made Visible,Water scenery,1830,"https://www.artic.edu/iiif/2/18092196-50ae-3ff1-9205-1b3110e966c3/full/843,/0/default.jpg"
76002,Self-Reflection and the Act of Looking,Interior room setting,1879–80,"https://www.artic.edu/iiif/2/a966261c-5ea8-120a-3c65-f7fd6d17df2a/full/843,/0/default.jpg"
76002,Modernity as Fragmented Experience,Interior room setting,1879–80,"https://www.artic.edu/iiif/2/a966261c-5ea8-120a-3c65-f7fd6d17df2a/full/843,/0/default.jpg"
76244,Emotional States Expressed Through Formal Abstraction,Painterly brushwork,1950,"https://www.artic.edu/iiif/2/3182d5ce-6518-400d-2df4-60d3ecfcfd44/full/843,/0/default.jpg"
76244,Emotional States Expressed Through Formal Abstraction,Abstract geometry,1950,"https://www.artic.edu/iiif/2/3182d5ce-6518-400d-2df4-60d3ecfcfd44/full/843,/0/default.jpg"
76244,Instability of Perception,Painterly brushwork,1950,"https://www.artic.edu/iiif/2/3182d5ce-6518-400d-2df4-60d3ecfcfd44/full/843,/0/default.jpg"
76244,Instability of Perception,Abstract geometry,1950,"https://www.artic.edu/iiif/2/3182d5ce-6518-400d-2df4-60d3ecfcfd44/full/843,/0/default.jpg"
80084,Human Presence Reduced to Symbol,Painterly brushwork,1627,"https://www.artic.edu/iiif/2/c8ee825f-bc8c-c76b-1f05-5d692d9a6b47/full/843,/0/default.jpg"
80084,Human Presence Reduced to Symbol,Muted earth palette,1627,"https://www.artic.edu/iiif/2/c8ee825f-bc8c-c76b-1f05-5d692d9a6b47/full/843,/0/default.jpg"
80084,Human Presence Reduced to Symbol,Religious crucifix,1627,"https://www.artic.edu/iiif/2/c8ee825f-bc8c-c76b-1f05-5d692d9a6b47/full/843,/0/default.jpg"
80084,Human Presence Reduced to Symbol,Draped fabric,1627,"https://www.artic.edu/iiif/2/c8ee825f-bc8c-c76b-1f05-5d692d9a6b47/full/843,/0/default.jpg"
80084,Life–Death Duality,Painterly brushwork,1627,"https://www.artic.edu/iiif/2/c8ee825f-bc8c-c76b-1f05-5d692d9a6b47/full/843,/0/default.jpg"
80084,Life–Death Duality,Muted earth palette,1627,"https://www.artic.edu/iiif/2/c8ee825f-bc8c-c76b-1f05-5d692d9a6b47/full/843,/0/default.jpg"
80084,Life–Death Duality,Religious crucifix,1627,"https://www.artic.edu/iiif/2/c8ee825f-bc8c-c76b-1f05-5d692d9a6b47/full/843,/0/default.jpg"
80084,Life–Death Duality,Draped fabric,1627,"https://www.artic.edu/iiif/2/c8ee825f-bc8c-c76b-1f05-5d692d9a6b47/full/843,/0/default.jpg"
64818,Time Made Visible,Painterly brushwork,1890–91,"https://www.artic.edu/iiif/2/a38e2828-ec6f-ece1-a30f-70243449197b/full/843,/0/default.jpg"
64818,Time Made Visible,Muted earth palette,1890–91,"https://www.artic.edu/iiif/2/a38e2828-ec6f-ece1-a30f-70243449197b/full/843,/0/default.jpg"
64818,Time Made Visible,Landscape vista,1890–91,"https://www.artic.edu/iiif/2/a38e2828-ec6f-ece1-a30f-70243449197b/full/843,/0/default.jpg"
64818,Nature as Vast/Timeless/Transformative,Painterly brushwork,1890–91,"https://www.artic.edu/iiif/2/a38e2828-ec6f-ece1-a30f-70243449197b/full/843,/0/default.jpg"
64818,Nature as Vast/Timeless/Transformative,Muted earth palette,1890–91,"https://www.artic.edu/iiif/2/a38e2828-ec6f-ece1-a30f-70243449197b/full/843,/0/default.jpg"
64818,Nature as Vast/Timeless/Transformative,Landscape vista,1890–91,"https://www.artic.edu/iiif/2/a38e2828-ec6f-ece1-a30f-70243449197b/full/843,/0/default.jpg"
191750,Human Presence Reduced to Symbol,Muted earth palette,200–100 BCE,"https://www.artic.edu/iiif/2/46dabc55-2500-23fd-90a2-88628c2ca048/full/843,/0/default.jpg"
191750,Human Presence Reduced to Symbol,Ceramic vessel,200–100 BCE,"https://www.artic.edu/iiif/2/46dabc55-2500-23fd-90a2-88628c2ca048/full/843,/0/default.jpg"
191750,Material Awareness (Painting About Painting),Muted earth palette,200–100 BCE,"https://www.artic.edu/iiif/2/46dabc55-2500-23fd-90a2-88628c2ca048/full/843,/0/default.jpg"
191750,Material Awareness (Painting About Painting),Ceramic vessel,200–100 BCE,"https://www.artic.edu/iiif/2/46dabc55-2500-23fd-90a2-88628c2ca048/full/843,/0/default.jpg"
11723,Human Presence Reduced to Symbol,Painterly brushwork,1875–80,"https://www.artic.edu/iiif/2/78c80988-6524-cec7-c661-a4c0a706d06f/full/843,/0/default.jpg"
11723,Human Presence Reduced to Symbol,Portrait bust,1875–80,"https://www.artic.edu/iiif/2/78c80988-6524-cec7-c661-a4c0a706d06f/full/843,/0/default.jpg"
11723,Human Presence Reduced to Symbol,Draped fabric,1875–80,"https://www.artic.edu/iiif/2/78c80988-6524-cec7-c661-a4c0a706d06f/full/843,/0/default.jpg"
11723,Time Made Visible,Painterly brushwork,1875–80,"https://www.artic.edu/iiif/2/78c80988-6524-cec7-c661-a4c0a706d06f/full/843,/0/default.jpg"
11723,Time Made Visible,Portrait bust,1875–80,"https://www.artic.edu/iiif/2/78c80988-6524-cec7-c661-a4c0a706d06f/full/843,/0/default.jpg"
11723,Time Made Visible,Draped fabric,1875–80,"https://www.artic.edu/iiif/2/78c80988-6524-cec7-c661-a4c0a706d06f/full/843,/0/default.jpg"
87088,Nature as Vast/Timeless/Transformative,Painterly brushwork,1900,"https://www.artic.edu/iiif/2/8534685d-1102-e1e3-e194-94f6e925e8b0/full/843,/0/default.jpg"
87088,Nature as Vast/Timeless/Transformative,Landscape vista,1900,"https://www.artic.edu/iiif/2/8534685d-1102-e1e3-e194-94f6e925e8b0/full/843,/0/default.jpg"
87088,Nature as Vast/Timeless/Transformative,Water scenery,1900,"https://www.artic.edu/iiif/2/8534685d-1102-e1e3-e194-94f6e925e8b0/full/843,/0/default.jpg"
87088,Nature as Vast/Timeless/Transformative,Floral bouquet,1900,"https://www.artic.edu/iiif/2/8534685d-1102-e1e3-e194-94f6e925e8b0/full/843,/0/default.jpg"
87088,Time Made Visible,Painterly brushwork,1900,"https://www.artic.edu/iiif/2/8534685d-1102-e1e3-e194-94f6e925e8b0/full/843,/0/default.jpg"
87088,Time Made Visible,Landscape vista,1900,"https://www.artic.edu/iiif/2/8534685d-1102-e1e3-e194-94f6e925e8b0/full/843,/0/default.jpg"
87088,Time Made Visible,Water scenery,1900,"https://www.artic.edu/iiif/2/8534685d-1102-e1e3-e194-94f6e925e8b0/full/843,/0/default.jpg"
87088,Time Made Visible,Floral bouquet,1900,"https://www.artic.edu/iiif/2/8534685d-1102-e1e3-e194-94f6e925e8b0/full/843,/0/default.jpg"
111442,Human Presence Reduced to Symbol,Painterly brushwork,1893,"https://www.artic.edu/iiif/2/3b885ae0-4d46-5fe4-d70a-00474827f02c/full/843,/0/default.jpg"
111442,Human Presence Reduced to Symbol,Interior room setting,1893,"https://www.artic.edu/iiif/2/3b885ae0-4d46-5fe4-d70a-00474827f02c/full/843,/0/default.jpg"
111442,Human Presence Reduced to Symbol,Ceramic vessel,1893,"https://www.artic.edu/iiif/2/3b885ae0-4d46-5fe4-d70a-00474827f02c/full/843,/0/default.jpg"
111442,Human Presence Reduced to Symbol,Draped fabric,1893,"https://www.artic.edu/iiif/2/3b885ae0-4d46-5fe4-d70a-00474827f02c/full/843,/0/default.jpg"
111442,Isolation Created Through Spatial Separation,Painterly brushwork,1893,"https://www.artic.edu/iiif/2/3b885ae0-4d46-5fe4-d70a-00474827f02c/full/843,/0/default.jpg"
111442,Isolation Created Through Spatial Separation,Interior room setting,1893,"https://www.artic.edu/iiif/2/3b885ae0-4d46-5fe4-d70a-00474827f02c/full/843,/0/default.jpg"
111442,Isolation Created Through Spatial Separation,Ceramic vessel,1893,"https://www.artic.edu/iiif/2/3b885ae0-4d46-5fe4-d70a-00474827f02c/full/843,/0/default.jpg"
111442,Isolation Created Through Spatial Separation,Draped fabric,1893,"https://www.artic.edu/iiif/2/3b885ae0-4d46-5fe4-d70a-00474827f02c/full/843,/0/default.jpg"
154235,Isolation Created Through Spatial Separation,Painterly brushwork,1893,"https://www.artic.edu/iiif/2/d7df2633-3b40-f570-c906-211503a37cde/full/843,/0/default.jpg"
154235,Isolation Created Through Spatial Separation,Blue dominant scenes,1893,"https://www.artic.edu/iiif/2/d7df2633-3b40-f570-c906-211503a37cde/full/843,/0/default.jpg"
154235,Isolation Created Through Spatial Separation,Interior room setting,1893,"https://www.artic.edu/iiif/2/d7df2633-3b40-f570-c906-211503a37cde/full/843,/0/default.jpg"
154235,Isolation Created Through Spatial Separation,Draped fabric,1893,"https://www.artic.edu/iiif/2/d7df2633-3b40-f570-c906-211503a37cde/full/843,/0/default.jpg"
154235,Emotional States Expressed Through Formal Abstraction,Painterly brushwork,1893,"https://www.artic.edu/iiif/2/d7df2633-3b40-f570-c906-211503a37cde/full/843,/0/default.jpg"
154235,Emotional States Expressed Through Formal Abstraction,Blue dominant scenes,1893,"https://www.artic.edu/iiif/2/d7df2633-3b40-f570-c906-211503a37cde/full/843,/0/default.jpg"
154235,Emotional States Expressed Through Formal Abstraction,Interior room setting,1893,"https://www.artic.edu/iiif/2/d7df2633-3b40-f570-c906-211503a37cde/full/843,/0/default.jpg"
154235,Emotional States Expressed Through Formal Abstraction,Draped fabric,1893,"https://www.artic.edu/iiif/2/d7df2633-3b40-f570-c906-211503a37cde/full/843,/0/default.jpg"
93798,Life–Death Duality,Painterly brushwork,1943–44,"https://www.artic.edu/iiif/2/aa2b57e9-3773-03c1-0fb4-0135e7358dc6/full/843,/0/default.jpg"
93798,Life–Death Duality,Interior room setting,1943–44,"https://www.artic.edu/iiif/2/aa2b57e9-3773-03c1-0fb4-0135e7358dc6/full/843,/0/default.jpg"
93798,Life–Death Duality,Still life table,1943–44,"https://www.artic.edu/iiif/2/aa2b57e9-3773-03c1-0fb4-0135e7358dc6/full/843,/0/default.jpg"
93798,Life–Death Duality,Animal figure,1943–44,"https://www.artic.edu/iiif/2/aa2b57e9-3773-03c1-0fb4-0135e7358dc6/full/843,/0/default.jpg"
93798,The Subconscious and Dream Logic,Painterly brushwork,1943–44,"https://www.artic.edu/iiif/2/aa2b57e9-3773-03c1-0fb4-0135e7358dc6/full/843,/0/default.jpg"
93798,The Subconscious and Dream Logic,Interior room setting,1943–44,"https://www.artic.edu/iiif/2/aa2b57e9-3773-03c1-0fb4-0135e7358dc6/full/843,/0/default.jpg"
93798,The Subconscious and Dream Logic,Still life table,1943–44,"https://www.artic.edu/iiif/2/aa2b57e9-3773-03c1-0fb4-0135e7358dc6/full/843,/0/default.jpg"
93798,The Subconscious and Dream Logic,Animal figure,1943–44,"https://www.artic.edu/iiif/2/aa2b57e9-3773-03c1-0fb4-0135e7358dc6/full/843,/0/default.jpg"
8624,Instability of Perception,Painterly brushwork,January–February 1912,"https://www.artic.edu/iiif/2/4f7ccf9f-a8ce-2bd8-2d15-a38b2e6caa7a/full/843,/0/default.jpg"
8624,Instability of Perception,Blue dominant scenes,January–February 1912,"https://www.artic.edu/iiif/2/4f7ccf9f-a8ce-2bd8-2d15-a38b2e6caa7a/full/843,/0/default.jpg"
8624,Instability of Perception,Abstract geometry,January–February 1912,"https://www.artic.edu/iiif/2/4f7ccf9f-a8ce-2bd8-2d15-a38b2e6caa7a/full/843,/0/default.jpg"
8624,Material Awareness (Painting About Painting),Painterly brushwork,January–February 1912,"https://www.artic.edu/iiif/2/4f7ccf9f-a8ce-2bd8-2d15-a38b2e6caa7a/full/843,/0/default.jpg"
8624,Material Awareness (Painting About Painting),Blue dominant scenes,January–February 1912,"https://www.artic.edu/iiif/2/4f7ccf9f-a8ce-2bd8-2d15-a38b2e6caa7a/full/843,/0/default.jpg"
8624,Material Awareness (Painting About Painting),Abstract geometry,January–February 1912,"https://www.artic.edu/iiif/2/4f7ccf9f-a8ce-2bd8-2d15-a38b2e6caa7a/full/843,/0/default.jpg"
87479,Nature as Vast/Timeless/Transformative,Painterly brushwork,1577–79,"https://www.artic.edu/iiif/2/47fd1564-93f5-f30b-7786-013421133b4a/full/843,/0/default.jpg"
87479,Nature as Vast/Timeless/Transformative,Blue dominant scenes,1577–79,"https://www.artic.edu/iiif/2/47fd1564-93f5-f30b-7786-013421133b4a/full/843,/0/default.jpg"
87479,Nature as Vast/Timeless/Transformative,Draped fabric,1577–79,"https://www.artic.edu/iiif/2/47fd1564-93f5-f30b-7786-013421133b4a/full/843,/0/default.jpg"
87479,Human Presence Reduced to Symbol,Painterly brushwork,1577–79,"https://www.artic.edu/iiif/2/47fd1564-93f5-f30b-7786-013421133b4a/full/843,/0/default.jpg"
87479,Human Presence Reduced to Symbol,Blue dominant scenes,1577–79,"https://www.artic.edu/iiif/2/47fd1564-93f5-f30b-7786-013421133b4a/full/843,/0/default.jpg"
87479,Human Presence Reduced to Symbol,Draped fabric,1577–79,"https://www.artic.edu/iiif/2/47fd1564-93f5-f30b-7786-013421133b4a/full/843,/0/default.jpg"
28067,Isolation Created Through Spatial Separation,Painterly brushwork,late 1903–early 1904,"https://www.artic.edu/iiif/2/4e7f3081-179a-af18-8abd-7908a7ae8c4e/full/843,/0/default.jpg"
28067,Isolation Created Through Spatial Separation,Blue dominant scenes,late 1903–early 1904,"https://www.artic.edu/iiif/2/4e7f3081-179a-af18-8abd-7908a7ae8c4e/full/843,/0/default.jpg"
28067,Life–Death Duality,Painterly brushwork,late 1903–early 1904,"https://www.artic.edu/iiif/2/4e7f3081-179a-af18-8abd-7908a7ae8c4e/full/843,/0/default.jpg"
28067,Life–Death Duality,Blue dominant scenes,late 1903–early 1904,"https://www.artic.edu/iiif/2/4e7f3081-179a-af18-8abd-7908a7ae8c4e/full/843,/0/default.jpg"
59426,Life–Death Duality,Painterly brushwork,1938,"https://www.artic.edu/iiif/2/cefba431-1241-6240-3a92-ffa787e5fa49/full/843,/0/default.jpg"
59426,Life–Death Duality,Rural buildings,1938,"https://www.artic.edu/iiif/2/cefba431-1241-6240-3a92-ffa787e5fa49/full/843,/0/default.jpg"
59426,Life–Death Duality,Religious crucifix,1938,"https://www.artic.edu/iiif/2/cefba431-1241-6240-3a92-ffa787e5fa49/full/843,/0/default.jpg"
59426,Life–Death Duality,Text in artwork,1938,"https://www.artic.edu/iiif/2/cefba431-1241-6240-3a92-ffa787e5fa49/full/843,/0/default.jpg"
59426,Life–Death Duality,Draped fabric,1938,"https://www.artic.edu/iiif/2/cefba431-1241-6240-3a92-ffa787e5fa49/full/843,/0/default.jpg"
59426,The Subconscious and Dream Logic,Painterly brushwork,1938,"https://www.artic.edu/iiif/2/cefba431-1241-6240-3a92-ffa787e5fa49/full/843,/0/default.jpg"
59426,The Subconscious and Dream Logic,Rural buildings,1938,"https://www.artic.edu/iiif/2/cefba431-1241-6240-3a92-ffa787e5fa49/full/843,/0/default.jpg"
59426,The Subconscious and Dream Logic,Religious crucifix,1938,"https://www.artic.edu/iiif/2/cefba431-1241-6240-3a92-ffa787e5fa49/full/843,/0/default.jpg"
59426,The Subconscious and Dream Logic,Text in artwork,1938,"https://www.artic.edu/iiif/2/cefba431-1241-6240-3a92-ffa787e5fa49/full/843,/0/default.jpg"
59426,The Subconscious and Dream Logic,Draped fabric,1938,"https://www.artic.edu/iiif/2/cefba431-1241-6240-3a92-ffa787e5fa49/full/843,/0/default.jpg"
34181,Instability of Perception,Muted earth palette,1938,"https://www.artic.edu/iiif/2/6a7160ea-df65-9083-c16c-33b30662208d/full/843,/0/default.jpg"
34181,Instability of Perception,Interior room setting,1938,"https://www.artic.edu/iiif/2/6a7160ea-df65-9083-c16c-33b30662208d/full/843,/0/default.jpg"
34181,The Subconscious and Dream Logic,Muted earth palette,1938,"https://www.artic.edu/iiif/2/6a7160ea-df65-9083-c16c-33b30662208d/full/843,/0/default.jpg"
34181,The Subconscious and Dream Logic,Interior room setting,1938,"https://www.artic.edu/iiif/2/6a7160ea-df65-9083-c16c-33b30662208d/full/843,/0/default.jpg"
56682,The Subconscious and Dream Logic,Painterly brushwork,1944–48,"https://www.artic.edu/iiif/2/2843f22e-8ef1-2cd5-b53e-6712cd664e9a/full/843,/0/default.jpg"
56682,The Subconscious and Dream Logic,Landscape vista,1944–48,"https://www.artic.edu/iiif/2/2843f22e-8ef1-2cd5-b53e-6712cd664e9a/full/843,/0/default.jpg"
56682,The Subconscious and Dream Logic,Floral bouquet,1944–48,"https://www.artic.edu/iiif/2/2843f22e-8ef1-2cd5-b53e-6712cd664e9a/full/843,/0/default.jpg"
56682,Modernity as Fragmented Experience,Painterly brushwork,1944–48,"https://www.artic.edu/iiif/2/2843f22e-8ef1-2cd5-b53e-6712cd664e9a/full/843,/0/default.jpg"
56682,Modernity as Fragmented Experience,Landscape vista,1944–48,"https://www.artic.edu/iiif/2/2843f22e-8ef1-2cd5-b53e-6712cd664e9a/full/843,/0/default.jpg"
56682,Modernity as Fragmented Experience,Floral bouquet,1944–48,"https://www.artic.edu/iiif/2/2843f22e-8ef1-2cd5-b53e-6712cd664e9a/full/843,/0/default.jpg"
4884,Emotional States Expressed Through Formal Abstraction,Painterly brushwork,1954,"https://www.artic.edu/iiif/2/024d361d-31d1-e53b-cca0-ee14f822347f/full/843,/0/default.jpg"
4884,Emotional States Expressed Through Formal Abstraction,Portrait bust,1954,"https://www.artic.edu/iiif/2/024d361d-31d1-e53b-cca0-ee14f822347f/full/843,/0/default.jpg"
4884,Emotional States Expressed Through Formal Abstraction,Interior room setting,1954,"https://www.artic.edu/iiif/2/024d361d-31d1-e53b-cca0-ee14f822347f/full/843,/0/default.jpg"
4884,Emotional States Expressed Through Formal Abstraction,Animal figure,1954,"https://www.artic.edu/iiif/2/024d361d-31d1-e53b-cca0-ee14f822347f/full/843,/0/default.jpg"
4884,Life–Death Duality,Painterly brushwork,1954,"https://www.artic.edu/iiif/2/024d361d-31d1-e53b-cca0-ee14f822347f/full/843,/0/default.jpg"
4884,Life–Death Duality,Portrait bust,1954,"https://www.artic.edu/iiif/2/024d361d-31d1-e53b-cca0-ee14f822347f/full/843,/0/default.jpg"
4884,Life–Death Duality,Interior room setting,1954,"https://www.artic.edu/iiif/2/024d361d-31d1-e53b-cca0-ee14f822347f/full/843,/0/default.jpg"
4884,Life–Death Duality,Animal figure,1954,"https://www.artic.edu/iiif/2/024d361d-31d1-e53b-cca0-ee14f822347f/full/843,/0/default.jpg"
14598,Time Made Visible,Painterly brushwork,1867,"https://www.artic.edu/iiif/2/95be2572-b53d-8e7b-abc9-10eb48d4fa5d/full/843,/0/default.jpg"
14598,Time Made Visible,Blue dominant scenes,1867,"https://www.artic.edu/iiif/2/95be2572-b53d-8e7b-abc9-10eb48d4fa5d/full/843,/0/default.jpg"
14598,Time Made Visible,Landscape vista,1867,"https://www.artic.edu/iiif/2/95be2572-b53d-8e7b-abc9-10eb48d4fa5d/full/843,/0/default.jpg"
14598,Time Made Visible,Water scenery,1867,"https://www.artic.edu/iiif/2/95be2572-b53d-8e7b-abc9-10eb48d4fa5d/full/843,/0/default.jpg"
14598,Nature as Vast/Timeless/Transformative,Painterly brushwork,1867,"https://www.artic.edu/iiif/2/95be2572-b53d-8e7b-abc9-10eb48d4fa5d/full/843,/0/default.jpg"
14598,Nature as Vast/Timeless/Transformative,Blue dominant scenes,1867,"https://www.artic.edu/iiif/2/95be2572-b53d-8e7b-abc9-10eb48d4fa5d/full/843,/0/default.jpg"
14598,Nature as Vast/Timeless/Transformative,Landscape vista,1867,"https://www.artic.edu/iiif/2/95be2572-b53d-8e7b-abc9-10eb48d4fa5d/full/843,/0/default.jpg"
14598,Nature as Vast/Timeless/Transformative,Water scenery,1867,"https://www.artic.edu/iiif/2/95be2572-b53d-8e7b-abc9-10eb48d4fa5d/full/843,/0/default.jpg"
869,Nature as Vast/Timeless/Transformative,Muted earth palette,c. 1665,"https://www.artic.edu/iiif/2/237c25a2-6051-a8e7-1610-a01938d4deab/full/843,/0/default.jpg"
869,Nature as Vast/Timeless/Transformative,Landscape vista,c. 1665,"https://www.artic.edu/iiif/2/237c25a2-6051-a8e7-1610-a01938d4deab/full/843,/0/default.jpg"
869,Nature as Vast/Timeless/Transformative,Water scenery,c. 1665,"https://www.artic.edu/iiif/2/237c25a2-6051-a8e7-1610-a01938d4deab/full/843,/0/default.jpg"
869,Nature as Vast/Timeless/Transformative,Rural buildings,c. 1665,"https://www.artic.edu/iiif/2/237c25a2-6051-a8e7-1610-a01938d4deab/full/843,/0/default.jpg"
869,Tension Between Control and Spontaneity,Muted earth palette,c. 1665,"https://www.artic.edu/iiif/2/237c25a2-6051-a8e7-1610-a01938d4deab/full/843,/0/default.jpg"
869,Tension Between Control and Spontaneity,Landscape vista,c. 1665,"https://www.artic.edu/iiif/2/237c25a2-6051-a8e7-1610-a01938d4deab/full/843,/0/default.jpg"
869,Tension Between Control and Spontaneity,Water scenery,c. 1665,"https://www.artic.edu/iiif/2/237c25a2-6051-a8e7-1610-a01938d4deab/full/843,/0/default.jpg"
869,Tension Between Control and Spontaneity,Rural buildings,c. 1665,"https://www.artic.edu/iiif/2/237c25a2-6051-a8e7-1610-a01938d4deab/full/843,/0/default.jpg"
16487,Instability of Perception,Painterly brushwork,c. 1885,"https://www.artic.edu/iiif/2/d4ca6321-8656-3d3f-a362-2ee297b2b813/full/843,/0/default.jpg"
16487,Instability of Perception,Blue dominant scenes,c. 1885,"https://www.artic.edu/iiif/2/d4ca6321-8656-3d3f-a362-2ee297b2b813/full/843,/0/default.jpg"
16487,Instability of Perception,Landscape vista,c. 1885,"https://www.artic.edu/iiif/2/d4ca6321-8656-3d3f-a362-2ee297b2b813/full/843,/0/default.jpg"
16487,Instability of Perception,Water scenery,c. 1885,"https://www.artic.edu/iiif/2/d4ca6321-8656-3d3f-a362-2ee297b2b813/full/843,/0/default.jpg"
16487,Tension Between Control and Spontaneity,Painterly brushwork,c. 1885,"https://www.artic.edu/iiif/2/d4ca6321-8656-3d3f-a362-2ee297b2b813/full/843,/0/default.jpg"
16487,Tension Between Control and Spontaneity,Blue dominant scenes,c. 1885,"https://www.artic.edu/iiif/2/d4ca6321-8656-3d3f-a362-2ee297b2b813/full/843,/0/default.jpg"
16487,Tension Between Control and Spontaneity,Landscape vista,c. 1885,"https://www.artic.edu/iiif/2/d4ca6321-8656-3d3f-a362-2ee297b2b813/full/843,/0/default.jpg"
16487,Tension Between Control and Spontaneity,Water scenery,c. 1885,"https://www.artic.edu/iiif/2/d4ca6321-8656-3d3f-a362-2ee297b2b813/full/843,/0/default.jpg"
117266,Modernity as Fragmented Experience,Painterly brushwork,1943,"https://www.artic.edu/iiif/2/ec19d5f1-ae0f-5186-d421-4a53dca5fb90/full/843,/0/default.jpg"
117266,Modernity as Fragmented Experience,Interior room setting,1943,"https://www.artic.edu/iiif/2/ec19d5f1-ae0f-5186-d421-4a53dca5fb90/full/843,/0/default.jpg"
117266,Time Made Visible,Painterly brushwork,1943,"https://www.artic.edu/iiif/2/ec19d5f1-ae0f-5186-d421-4a53dca5fb90/full/843,/0/default.jpg"
117266,Time Made Visible,Interior room setting,1943,"https://www.artic.edu/iiif/2/ec19d5f1-ae0f-5186-d421-4a53dca5fb90/full/843,/0/default.jpg"
561,Human Presence Reduced to Symbol,Painterly brushwork,1666,"https://www.artic.edu/iiif/2/7f1ea423-7538-3bc7-3d4a-0766522ab62f/full/843,/0/default.jpg"
561,Human Presence Reduced to Symbol,Muted earth palette,1666,"https://www.artic.edu/iiif/2/7f1ea423-7538-3bc7-3d4a-0766522ab62f/full/843,/0/default.jpg"
561,Human Presence Reduced to Symbol,Interior room setting,1666,"https://www.artic.edu/iiif/2/7f1ea423-7538-3bc7-3d4a-0766522ab62f/full/843,/0/default.jpg"
561,Human Presence Reduced to Symbol,Animal figure,1666,"https://www.artic.edu/iiif/2/7f1ea423-7538-3bc7-3d4a-0766522ab62f/full/843,/0/default.jpg"
561,Modernity as Fragmented Experience,Painterly brushwork,1666,"https://www.artic.edu/iiif/2/7f1ea423-7538-3bc7-3d4a-0766522ab62f/full/843,/0/default.jpg"
561,Modernity as Fragmented Experience,Muted earth palette,1666,"https://www.artic.edu/iiif/2/7f1ea423-7538-3bc7-3d4a-0766522ab62f/full/843,/0/default.jpg"
561,Modernity as Fragmented Experience,Interior room setting,1666,"https://www.artic.edu/iiif/2/7f1ea423-7538-3bc7-3d4a-0766522ab62f/full/843,/0/default.jpg"
561,Modernity as Fragmented Experience,Animal figure,1666,"https://www.artic.edu/iiif/2/7f1ea423-7538-3bc7-3d4a-0766522ab62f/full/843,/0/default.jpg"
147003,Instability of Perception,Blue dominant scenes,1965,"https://www.artic.edu/iiif/2/b0d02c1d-ec9d-039e-1977-469806e8e3d9/full/843,/0/default.jpg"
147003,Instability of Perception,Interior room setting,1965,"https://www.artic.edu/iiif/2/b0d02c1d-ec9d-039e-1977-469806e8e3d9/full/843,/0/default.jpg"
147003,Instability of Perception,Draped fabric,1965,"https://www.artic.edu/iiif/2/b0d02c1d-ec9d-039e-1977-469806e8e3d9/full/843,/0/default.jpg"
147003,Time Made Visible,Blue dominant scenes,1965,"https://www.artic.edu/iiif/2/b0d02c1d-ec9d-039e-1977-469806e8e3d9/full/843,/0/default.jpg"
147003,Time Made Visible,Interior room setting,1965,"https://www.artic.edu/iiif/2/b0d02c1d-ec9d-039e-1977-469806e8e3d9/full/843,/0/default.jpg"
147003,Time Made Visible,Draped fabric,1965,"https://www.artic.edu/iiif/2/b0d02c1d-ec9d-039e-1977-469806e8e3d9/full/843,/0/default.jpg"
14624,Time Made Visible,Painterly brushwork,1890–91,"https://www.artic.edu/iiif/2/4c364c64-2108-4e19-5fc5-1ab26ba924a7/full/843,/0/default.jpg"
14624,Time Made Visible,Muted earth palette,1890–91,"https://www.artic.edu/iiif/2/4c364c64-2108-4e19-5fc5-1ab26ba924a7/full/843,/0/default.jpg"
14624,Time Made Visible,Landscape vista,1890–91,"https://www.artic.edu/iiif/2/4c364c64-2108-4e19-5fc5-1ab26ba924a7/full/843,/0/default.jpg"
14624,Nature as Vast/Timeless/Transformative,Painterly brushwork,1890–91,"https://www.artic.edu/iiif/2/4c364c64-2108-4e19-5fc5-1ab26ba924a7/full/843,/0/default.jpg"
14624,Nature as Vast/Timeless/Transformative,Muted earth palette,1890–91,"https://www.artic.edu/iiif/2/4c364c64-2108-4e19-5fc5-1ab26ba924a7/full/843,/0/default.jpg"
14624,Nature as Vast/Timeless/Transformative,Landscape vista,1890–91,"https://www.artic.edu/iiif/2/4c364c64-2108-4e19-5fc5-1ab26ba924a7/full/843,/0/default.jpg"
47149,Modernity as Fragmented Experience,Painterly brushwork,1972,"https://www.artic.edu/iiif/2/97cb5c4b-cce5-c4d8-f303-613ce92832c7/full/843,/0/default.jpg"
47149,Modernity as Fragmented Experience,Portrait bust,1972,"https://www.artic.edu/iiif/2/97cb5c4b-cce5-c4d8-f303-613ce92832c7/full/843,/0/default.jpg"
47149,Material Awareness (Painting About Painting),Painterly brushwork,1972,"https://www.artic.edu/iiif/2/97cb5c4b-cce5-c4d8-f303-613ce92832c7/full/843,/0/default.jpg"
47149,Material Awareness (Painting About Painting),Portrait bust,1972,"https://www.artic.edu/iiif/2/97cb5c4b-cce5-c4d8-f303-613ce92832c7/full/843,/0/default.jpg"
46327,Isolation Created Through Spatial Separation,Muted earth palette,1929,"https://www.artic.edu/iiif/2/f98530b2-8570-58b2-38b4-e7544b49f1bd/full/843,/0/default.jpg"
46327,Isolation Created Through Spatial Separation,Abstract geometry,1929,"https://www.artic.edu/iiif/2/f98530b2-8570-58b2-38b4-e7544b49f1bd/full/843,/0/default.jpg"
46327,Isolation Created Through Spatial Separation,Landscape vista,1929,"https://www.artic.edu/iiif/2/f98530b2-8570-58b2-38b4-e7544b49f1bd/full/843,/0/default.jpg"
46327,Nature as Vast/Timeless/Transformative,Muted earth palette,1929,"https://www.artic.edu/iiif/2/f98530b2-8570-58b2-38b4-e7544b49f1bd/full/843,/0/default.jpg"
46327,Nature as Vast/Timeless/Transformative,Abstract geometry,1929,"https://www.artic.edu/iiif/2/f98530b2-8570-58b2-38b4-e7544b49f1bd/full/843,/0/default.jpg"
46327,Nature as Vast/Timeless/Transformative,Landscape vista,1929,"https://www.artic.edu/iiif/2/f98530b2-8570-58b2-38b4-e7544b49f1bd/full/843,/0/default.jpg"
81537,Time Made Visible,Painterly brushwork,1884,"https://www.artic.edu/iiif/2/4d1b3ad0-14db-0d21-ad9f-17abb8bdfbb5/full/843,/0/default.jpg"
81537,Time Made Visible,Blue dominant scenes,1884,"https://www.artic.edu/iiif/2/4d1b3ad0-14db-0d21-ad9f-17abb8bdfbb5/full/843,/0/default.jpg"
81537,Time Made Visible,Landscape vista,1884,"https://www.artic.edu/iiif/2/4d1b3ad0-14db-0d21-ad9f-17abb8bdfbb5/full/843,/0/default.jpg"
81537,Time Made Visible,Water scenery,1884,"https://www.artic.edu/iiif/2/4d1b3ad0-14db-0d21-ad9f-17abb8bdfbb5/full/843,/0/default.jpg"
81537,Nature as Vast/Timeless/Transformative,Painterly brushwork,1884,"https://www.artic.edu/iiif/2/4d1b3ad0-14db-0d21-ad9f-17abb8bdfbb5/full/843,/0/default.jpg"
81537,Nature as Vast/Timeless/Transformative,Blue dominant scenes,1884,"https://www.artic.edu/iiif/2/4d1b3ad0-14db-0d21-ad9f-17abb8bdfbb5/full/843,/0/default.jpg"
81537,Nature as Vast/Timeless/Transformative,Landscape vista,1884,"https://www.artic.edu/iiif/2/4d1b3ad0-14db-0d21-ad9f-17abb8bdfbb5/full/843,/0/default.jpg"
81537,Nature as Vast/Timeless/Transformative,Water scenery,1884,"https://www.artic.edu/iiif/2/4d1b3ad0-14db-0d21-ad9f-17abb8bdfbb5/full/843,/0/default.jpg"
44739,Human Presence Reduced to Symbol,Painterly brushwork,1794,"https://www.artic.edu/iiif/2/6006b9e7-567a-4fb8-34e2-a120886690fe/full/843,/0/default.jpg"
44739,Human Presence Reduced to Symbol,Interior room setting,1794,"https://www.artic.edu/iiif/2/6006b9e7-567a-4fb8-34e2-a120886690fe/full/843,/0/default.jpg"
44739,Human Presence Reduced to Symbol,Draped fabric,1794,"https://www.artic.edu/iiif/2/6006b9e7-567a-4fb8-34e2-a120886690fe/full/843,/0/default.jpg"
44739,Time Made Visible,Painterly brushwork,1794,"https://www.artic.edu/iiif/2/6006b9e7-567a-4fb8-34e2-a120886690fe/full/843,/0/default.jpg"
44739,Time Made Visible,Interior room setting,1794,"https://www.artic.edu/iiif/2/6006b9e7-567a-4fb8-34e2-a120886690fe/full/843,/0/default.jpg"
44739,Time Made Visible,Draped fabric,1794,"https://www.artic.edu/iiif/2/6006b9e7-567a-4fb8-34e2-a120886690fe/full/843,/0/default.jpg"
66042,Self-Reflection and the Act of Looking,Painterly brushwork,1658,"https://www.artic.edu/iiif/2/4a04138f-43d8-cd9f-5ac4-478cd8828210/full/843,/0/default.jpg"
66042,Self-Reflection and the Act of Looking,Blue dominant scenes,1658,"https://www.artic.edu/iiif/2/4a04138f-43d8-cd9f-5ac4-478cd8828210/full/843,/0/default.jpg"
66042,Self-Reflection and the Act of Looking,Still life table,1658,"https://www.artic.edu/iiif/2/4a04138f-43d8-cd9f-5ac4-478cd8828210/full/843,/0/default.jpg"
66042,Self-Reflection and the Act of Looking,Floral bouquet,1658,"https://www.artic.edu/iiif/2/4a04138f-43d8-cd9f-5ac4-478cd8828210/full/843,/0/default.jpg"
66042,Self-Reflection and the Act of Looking,Draped fabric,1658,"https://www.artic.edu/iiif/2/4a04138f-43d8-cd9f-5ac4-478cd8828210/full/843,/0/default.jpg"
66042,Material Awareness (Painting About Painting),Painterly brushwork,1658,"https://www.artic.edu/iiif/2/4a04138f-43d8-cd9f-5ac4-478cd8828210/full/843,/0/default.jpg"
66042,Material Awareness (Painting About Painting),Blue dominant scenes,1658,"https://www.artic.edu/iiif/2/4a04138f-43d8-cd9f-5ac4-478cd8828210/full/843,/0/default.jpg"
66042,Material Awareness (Painting About Painting),Still life table,1658,"https://www.artic.edu/iiif/2/4a04138f-43d8-cd9f-5ac4-478cd8828210/full/843,/0/default.jpg"
66042,Material Awareness (Painting About Painting),Floral bouquet,1658,"https://www.artic.edu/iiif/2/4a04138f-43d8-cd9f-5ac4-478cd8828210/full/843,/0/default.jpg"
66042,Material Awareness (Painting About Painting),Draped fabric,1658,"https://www.artic.edu/iiif/2/4a04138f-43d8-cd9f-5ac4-478cd8828210/full/843,/0/default.jpg"
24306,Emotional States Expressed Through Formal Abstraction,Painterly brushwork,1919–21,"https://www.artic.edu/iiif/2/3ee54063-9d78-ee86-0103-b477d988a93f/full/843,/0/default.jpg"
24306,Emotional States Expressed Through Formal Abstraction,Blue dominant scenes,1919–21,"https://www.artic.edu/iiif/2/3ee54063-9d78-ee86-0103-b477d988a93f/full/843,/0/default.jpg"
24306,Emotional States Expressed Through Formal Abstraction,Abstract geometry,1919–21,"https://www.artic.edu/iiif/2/3ee54063-9d78-ee86-0103-b477d988a93f/full/843,/0/default.jpg"
24306,The Subconscious and Dream Logic,Painterly brushwork,1919–21,"https://www.artic.edu/iiif/2/3ee54063-9d78-ee86-0103-b477d988a93f/full/843,/0/default.jpg"
24306,The Subconscious and Dream Logic,Blue dominant scenes,1919–21,"https://www.artic.edu/iiif/2/3ee54063-9d78-ee86-0103-b477d988a93f/full/843,/0/default.jpg"
24306,The Subconscious and Dream Logic,Abstract geometry,1919–21,"https://www.artic.edu/iiif/2/3ee54063-9d78-ee86-0103-b477d988a93f/full/843,/0/default.jpg"
79349,Human Presence Reduced to Symbol,Painterly brushwork,1890,"https://www.artic.edu/iiif/2/d0ff5b36-bb38-b156-6042-5c8545352c2f/full/843,/0/default.jpg"
79349,Human Presence Reduced to Symbol,Blue dominant scenes,1890,"https://www.artic.edu/iiif/2/d0ff5b36-bb38-b156-6042-5c8545352c2f/full/843,/0/default.jpg"
79349,Isolation Created Through Spatial Separation,Painterly brushwork,1890,"https://www.artic.edu/iiif/2/d0ff5b36-bb38-b156-6042-5c8545352c2f/full/843,/0/default.jpg"
79349,Isolation Created Through Spatial Separation,Blue dominant scenes,1890,"https://www.artic.edu/iiif/2/d0ff5b36-bb38-b156-6042-5c8545352c2f/full/843,/0/default.jpg"
5848,Nature as Vast/Timeless/Transformative,Painterly brushwork,1640,"https://www.artic.edu/iiif/2/aa870b0d-5a1b-660a-6dc6-56c12109cf6e/full/843,/0/default.jpg"
5848,Nature as Vast/Timeless/Transformative,Landscape vista,1640,"https://www.artic.edu/iiif/2/aa870b0d-5a1b-660a-6dc6-56c12109cf6e/full/843,/0/default.jpg"
5848,Nature as Vast/Timeless/Transformative,Rural buildings,1640,"https://www.artic.edu/iiif/2/aa870b0d-5a1b-660a-6dc6-56c12109cf6e/full/843,/0/default.jpg"
5848,Human Presence Reduced to Symbol,Painterly brushwork,1640,"https://www.artic.edu/iiif/2/aa870b0d-5a1b-660a-6dc6-56c12109cf6e/full/843,/0/default.jpg"
5848,Human Presence Reduced to Symbol,Landscape vista,1640,"https://www.artic.edu/iiif/2/aa870b0d-5a1b-660a-6dc6-56c12109cf6e/full/843,/0/default.jpg"
5848,Human Presence Reduced to Symbol,Rural buildings,1640,"https://www.artic.edu/iiif/2/aa870b0d-5a1b-660a-6dc6-56c12109cf6e/full/843,/0/default.jpg"
14572,Modernity as Fragmented Experience,Painterly brushwork,1879-86,"https://www.artic.edu/iiif/2/6f513908-03cc-b974-633b-adfce56b7936/full/843,/0/default.jpg"
14572,Modernity as Fragmented Experience,Interior room setting,1879-86,"https://www.artic.edu/iiif/2/6f513908-03cc-b974-633b-adfce56b7936/full/843,/0/default.jpg"
14572,Time Made Visible,Painterly brushwork,1879-86,"https://www.artic.edu/iiif/2/6f513908-03cc-b974-633b-adfce56b7936/full/843,/0/default.jpg"
14572,Time Made Visible,Interior room setting,1879-86,"https://www.artic.edu/iiif/2/6f513908-03cc-b974-633b-adfce56b7936/full/843,/0/default.jpg"
151424,The Subconscious and Dream Logic,Muted earth palette,1937,"https://www.artic.edu/iiif/2/be9551d4-860f-37a0-1408-086617f1824e/full/843,/0/default.jpg"
151424,The Subconscious and Dream Logic,Abstract geometry,1937,"https://www.artic.edu/iiif/2/be9551d4-860f-37a0-1408-086617f1824e/full/843,/0/default.jpg"
151424,The Subconscious and Dream Logic,Landscape vista,1937,"https://www.artic.edu/iiif/2/be9551d4-860f-37a0-1408-086617f1824e/full/843,/0/default.jpg"
151424,The Subconscious and Dream Logic,Animal figure,1937,"https://www.artic.edu/iiif/2/be9551d4-860f-37a0-1408-086617f1824e/full/843,/0/default.jpg"
151424,Life–Death Duality,Muted earth palette,1937,"https://www.artic.edu/iiif/2/be9551d4-860f-37a0-1408-086617f1824e/full/843,/0/default.jpg"
151424,Life–Death Duality,Abstract geometry,1937,"https://www.artic.edu/iiif/2/be9551d4-860f-37a0-1408-086617f1824e/full/843,/0/default.jpg"
151424,Life–Death Duality,Landscape vista,1937,"https://www.artic.edu/iiif/2/be9551d4-860f-37a0-1408-086617f1824e/full/843,/0/default.jpg"
151424,Life–Death Duality,Animal figure,1937,"https://www.artic.edu/iiif/2/be9551d4-860f-37a0-1408-086617f1824e/full/843,/0/default.jpg"
59847,Human Presence Reduced to Symbol,Painterly brushwork,1613,"https://www.artic.edu/iiif/2/0f951635-312c-0829-451b-553f461c5518/full/843,/0/default.jpg"
59847,Human Presence Reduced to Symbol,Animal figure,1613,"https://www.artic.edu/iiif/2/0f951635-312c-0829-451b-553f461c5518/full/843,/0/default.jpg"
59847,Human Presence Reduced to Symbol,Draped fabric,1613,"https://www.artic.edu/iiif/2/0f951635-312c-0829-451b-553f461c5518/full/843,/0/default.jpg"
59847,Tension Between Control and Spontaneity,Painterly brushwork,1613,"https://www.artic.edu/iiif/2/0f951635-312c-0829-451b-553f461c5518/full/843,/0/default.jpg"
59847,Tension Between Control and Spontaneity,Animal figure,1613,"https://www.artic.edu/iiif/2/0f951635-312c-0829-451b-553f461c5518/full/843,/0/default.jpg"
59847,Tension Between Control and Spontaneity,Draped fabric,1613,"https://www.artic.edu/iiif/2/0f951635-312c-0829-451b-553f461c5518/full/843,/0/default.jpg"
149778,Human Presence Reduced to Symbol,Painterly brushwork,1776,"https://www.artic.edu/iiif/2/92ad2a28-eac9-e358-6e3c-1c1cf39efd91/full/843,/0/default.jpg"
149778,Human Presence Reduced to Symbol,Muted earth palette,1776,"https://www.artic.edu/iiif/2/92ad2a28-eac9-e358-6e3c-1c1cf39efd91/full/843,/0/default.jpg"
149778,Human Presence Reduced to Symbol,Draped fabric,1776,"https://www.artic.edu/iiif/2/92ad2a28-eac9-e358-6e3c-1c1cf39efd91/full/843,/0/default.jpg"
149778,Tension Between Control and Spontaneity,Painterly brushwork,1776,"https://www.artic.edu/iiif/2/92ad2a28-eac9-e358-6e3c-1c1cf39efd91/full/843,/0/default.jpg"
149778,Tension Between Control and Spontaneity,Muted earth palette,1776,"https://www.artic.edu/iiif/2/92ad2a28-eac9-e358-6e3c-1c1cf39efd91/full/843,/0/default.jpg"
149778,Tension Between Control and Spontaneity,Draped fabric,1776,"https://www.artic.edu/iiif/2/92ad2a28-eac9-e358-6e3c-1c1cf39efd91/full/843,/0/default.jpg"
109275,Human Presence Reduced to Symbol,Muted earth palette,1921,"https://www.artic.edu/iiif/2/64734461-887d-80b9-8489-e38cb05ac01d/full/843,/0/default.jpg"
109275,Emotional States Expressed Through Formal Abstraction,Muted earth palette,1921,"https://www.artic.edu/iiif/2/64734461-887d-80b9-8489-e38cb05ac01d/full/843,/0/default.jpg"
81558,Time Made Visible,Painterly brushwork,1879,"https://www.artic.edu/iiif/2/321c45f5-22a3-84a2-44cc-cf66642d4cf2/full/843,/0/default.jpg"
81558,Time Made Visible,Interior room setting,1879,"https://www.artic.edu/iiif/2/321c45f5-22a3-84a2-44cc-cf66642d4cf2/full/843,/0/default.jpg"
81558,Modernity as Fragmented Experience,Painterly brushwork,1879,"https://www.artic.edu/iiif/2/321c45f5-22a3-84a2-44cc-cf66642d4cf2/full/843,/0/default.jpg"
81558,Modernity as Fragmented Experience,Interior room setting,1879,"https://www.artic.edu/iiif/2/321c45f5-22a3-84a2-44cc-cf66642d4cf2/full/843,/0/default.jpg"
